how_it_takes_requests,foundation_kind,count,foundations,record,ref
Unsolicited requests accepted,community,2,Cleveland Foundation; The New York Community Trust,funders/cleveland-foundation;funders/new-york-community-trust,2426;2418;2416
Unsolicited requests accepted,corporate,2,Google for Nonprofits (in-kind programme); Microsoft nonprofit grants and discounts (in-kind programme),funders/google-for-nonprofits;funders/microsoft-nonprofit-programme,2446;2447
Unsolicited requests accepted,independent,2,Robert W. Woodruff Foundation; The Duke Endowment,funders/woodruff-foundation;funders/duke-endowment,2313;2310
Letter of inquiry first,independent,10,Alfred P. Sloan Foundation; Carnegie Corporation of New York; Doris Duke Foundation; Henry Luce Foundation; John Templeton Foundation; Lilly Endowment Inc.; Russell Sage Foundation; The Commonwealth Fund; W. K. Kellogg Foundation; William T. Grant Foundation,funders/sloan-foundation;funders/carnegie-corporation-of-new-york;funders/doris-duke-foundation;funders/henry-luce-foundation;funders/templeton-foundation;funders/lilly-endowment;funders/russell-sage-foundation;funders/commonwealth-fund;funders/kellogg-foundation;funders/william-t-grant-foundation,2124;2216;2177;2178;2219;2154;2155;2277;2201;2323;2269;2207
Open calls only,community,2,Greater Kansas City Community Foundation; Silicon Valley Community Foundation,funders/greater-kansas-city-community-foundation;funders/silicon-valley-community-foundation,2428;2429;2411;2412
Open calls only,corporate,3,Bank of America Charitable Foundation; Lowe's Foundation; The Home Depot Foundation,funders/bank-of-america-charitable-foundation;funders/lowes-foundation;funders/home-depot-foundation,2438;2444;2442;2443
Open calls only,independent,12,Arnold Ventures; Burroughs Wellcome Fund; Chan Zuckerberg Initiative; John S. and James L. Knight Foundation; John Simon Guggenheim Memorial Foundation; Research Corporation for Science Advancement; Robert Wood Johnson Foundation; Schmidt Sciences; Simons Foundation; Spencer Foundation; The Camille and Henry Dreyfus Foundation; W. M. Keck Foundation,funders/arnold-ventures;funders/burroughs-wellcome-fund;funders/chan-zuckerberg-initiative;funders/knight-foundation;funders/guggenheim-foundation;funders/rcsa;funders/robert-wood-johnson-foundation;funders/schmidt-sciences;funders/simons-foundation;funders/spencer-foundation;funders/dreyfus-foundation;funders/keck-foundation,2318;2166;2165;2172;2296;2223;2224;2142;2141;2271;2335;2150;2151;2120;2119;2193;2145;2146;2133;2134
Open calls only,medical-research-organization,1,Howard Hughes Medical Institute,funders/hhmi,2158
Open calls only,public-charity,5,American Cancer Society; American Council of Learned Societies; American Heart Association; CDC Foundation; National Fish and Wildlife Foundation,funders/american-cancer-society;funders/acls;funders/american-heart-association;funders/cdc-foundation;funders/nfwf,2190;2227;2228;2187;2450;2453;2454
Invitation only,corporate,2,Walmart and the Walmart Foundation; Wells Fargo and the Wells Fargo Foundation,funders/walmart-foundation;funders/wells-fargo-foundation,2433;2441
Invitation only,family,4,Bloomberg Philanthropies; Gordon and Betty Moore Foundation; The David and Lucile Packard Foundation; Walton Family Foundation,funders/bloomberg-philanthropies;funders/moore-foundation;funders/packard-foundation;funders/walton-family-foundation,2286;2128;2149;2288;2352
Invitation only,independent,15,Charles Stewart Mott Foundation; Conrad N. Hilton Foundation; Ford Foundation; Gates Foundation; John D. and Catherine T. MacArthur Foundation; Mellon Foundation; Open Society Foundations; Surdna Foundation; The Annie E. Casey Foundation; The Kavli Foundation; The Kresge Foundation; The Leona M. and Harry B. Helmsley Charitable Trust; The Rockefeller Foundation; The Wallace Foundation; William and Flora Hewlett Foundation,funders/mott-foundation;funders/hilton-foundation;funders/ford-foundation;funders/gates-foundation;funders/macarthur-foundation;funders/mellon-foundation;funders/open-society-foundations;funders/surdna-foundation;funders/annie-e-casey-foundation;funders/kavli-foundation;funders/kresge-foundation;funders/helmsley-charitable-trust;funders/rockefeller-foundation;funders/wallace-foundation;funders/hewlett-foundation,2298;2302;2343;2259;2251;2264;2496;2210;2292;2357;2307;2300;2138;2273;2184;2290;2304;2280
Invitation only,kind not recorded,1,Yield Giving (MacKenzie Scott),funders/yield-giving,2317
Invitation only,public-charity,1,The Pew Charitable Trusts,funders/pew-charitable-trusts,2174
Not stated on the pages read,community,1,The Chicago Community Trust,funders/chicago-community-trust,2423;2422
Not stated on the pages read,public-charity,2,Foundation for the National Institutes of Health; National Park Foundation,funders/fnih;funders/national-park-foundation,2448;2455
