programme,funder,level,stipend_as_published,year_of_figure,annual_usd,other_support,who_applies,record,ref
NIH Kirschstein-NRSA Individual Predoctoral Fellowship (F31),NIH,predoctoral,"$29,364 a year ($2,447 a month) for predoctoral fellows on awards made with FY 2026 funds",FY 2026,29364,"60% of actual tuition, up to $16,000 per year; institutional allowance $4,750 per year ($3,650 at federal and for-profit institutions)",institution,programs/nih-f31,732
NIH Kirschstein-NRSA Individual Predoctoral Fellowship for dual-degree students (F30),NIH,predoctoral,"$29,364 a year for predoctoral fellows on awards made with FY 2026 funds",FY 2026,29364,"60% of actual tuition, up to $21,000 per year; institutional allowance $4,750 per year ($3,650 at federal and for-profit institutions)",institution,programs/nih-f30,732
"NIH Kirschstein-NRSA Individual Postdoctoral Fellowship (F32), 0 years of experience",NIH,postdoctoral,"On awards made with FY 2026 funds, by years of postdoctoral experience: 0 = $63,480",FY 2026,63480,"60% of actual tuition, up to $4,500 per year; institutional allowance $12,400 per year ($11,300 at federal and for-profit institutions)",institution,programs/nih-f32,732
"NIH Kirschstein-NRSA Individual Postdoctoral Fellowship (F32), 7 or more years of experience",NIH,postdoctoral,"On awards made with FY 2026 funds, by years of postdoctoral experience: 7 or more = $77,076",FY 2026,77076,"60% of actual tuition, up to $4,500 per year; institutional allowance $12,400 per year ($11,300 at federal and for-profit institutions)",institution,programs/nih-f32,732
NIH Kirschstein-NRSA Individual Senior Fellowship (F33),NIH,faculty or scholar,"Commensurate with the base salary the home institution would have paid; may not exceed the current NRSA stipend limit; highest postdoctoral level for FY 2026 is $77,076",FY 2026 for the highest postdoctoral level,,"institutional allowance $12,400 per year ($11,300 at federal and for-profit institutions)",institution,programs/nih-f33,739;732
"NIH Predoctoral to Postdoctoral Transition Award (F99/K00), F99 phase",NIH,predoctoral,"The F99 stipend and institutional allowance equal those of NRSA predoctoral fellows: $29,364 a year and $4,750 a year for FY 2026",FY 2026,29364,"institutional allowance $4,750 a year; NRSA predoctoral tuition and fees contribution",institution,programs/nih-f99-k00,741;732
"NIH Predoctoral to Postdoctoral Transition Award (F99/K00), K00 phase at NIGMS",NIH,postdoctoral,"K00 salary levels in NIH's table of institute considerations, as returned, include $70,000 plus fringe benefits at NIGMS",no year attached,70000,fringe benefits and research development support at levels each institute sets,institution,programs/nih-f99-k00,741;804
"NIH Predoctoral to Postdoctoral Transition Award (F99/K00), K00 phase at NCI",NIH,postdoctoral,"K00 salary levels in NIH's table of institute considerations, as returned, include up to $80,000 a year at NCI",no year attached,80000,fringe benefits and research development support at levels each institute sets,institution,programs/nih-f99-k00,741;804
"NIH Kirschstein-NRSA Institutional Research Training Grant (T32), predoctoral trainees",NIH,predoctoral,"On awards made with FY 2026 funds: predoctoral trainees $29,364 a year",FY 2026,29364,"training-related expenses $4,750 per trainee; tuition and fees 60% of actual tuition, up to $16,000 per year ($21,000 dual-degree)",institution,programs/nih-t32,732
"NIH Kirschstein-NRSA Institutional Research Training Grant (T32), postdoctoral trainees, 0 years of experience",NIH,postdoctoral,"On awards made with FY 2026 funds: postdoctoral trainees $63,480 (0 years of experience)",FY 2026,63480,"training-related expenses $12,400 per trainee; tuition and fees 60% of actual tuition, up to $4,500",institution,programs/nih-t32,732
"NIH Kirschstein-NRSA Institutional Research Training Grant (T32), postdoctoral trainees, 7 or more years of experience",NIH,postdoctoral,"On awards made with FY 2026 funds: postdoctoral trainees $77,076 (7 or more years)",FY 2026,77076,"training-related expenses $12,400 per trainee; tuition and fees 60% of actual tuition, up to $4,500",institution,programs/nih-t32,732
NIH Kirschstein-NRSA Short-Term Institutional Research Training Grant (T35),NIH,predoctoral,"Predoctoral NRSA stipend, $2,447 a month on awards made with FY 2026 funds",FY 2026,,"tuition and fees, and training-related expenses (no amounts given)",institution,programs/nih-t35,732;751
NIGMS Institutional Biomedical Undergraduate Research Training (BURT) Program (T34),NIH NIGMS,undergraduate,"Undergraduate NRSA stipend: $14,916 a year ($1,243 a month) on awards made with FY 2026 funds",FY 2026,14916,"training-related expenses $12,500 per trainee per year; summer research experience $4,000 per trainee, plus $750 for travel",institution,programs/nih-nigms-burt-t34,732;797
NSF Graduate Research Fellowship Program (GRFP),NSF,predoctoral,"$37,000 for a 12-month tenure period, paid in monthly increments of $3,083",FY 2027 competition solicitation,37000,"$16,000 cost-of-education allowance per tenure year paid to the institution",person,programs/nsf-grfp,818
NSF EPSCoR Graduate Fellowship Program (EGFP),NSF,predoctoral,"$37,000 per year per fellow, for three years of support usable over five years",2024 solicitation,37000,"$16,000 cost-of-education allowance per year per fellow",institution,programs/nsf-egfp,825
Postdoctoral Research Fellowships in Biology (PRFB),NSF,postdoctoral,"$110,000 per year, made up of an $85,000 stipend and a $25,000 research and training allowance, for 24 continuous months","solicitation posted February 5, 2026",85000,"$25,000 research and training allowance",person,programs/nsf-prfb,837
Mathematical Sciences Postdoctoral Research Fellowships (MSPRF),NSF,postdoctoral,"Monthly stipend of $5,833 (up to $70,000 a year) for full-time support or $2,917 for half-time, for 24 months of stipend within a 48-month award","2023 solicitation, which remains in force",70000,"$50,000 allowance ($30,000 and $20,000 in the first two years)",person,programs/nsf-msprf,840;839
NSF Astronomy and Astrophysics Postdoctoral Fellowships (AAPF),NSF,postdoctoral,"$110,000 per year, made up of a $75,000 stipend and a $35,000 fellowship allowance, for up to 36 months","2022 solicitation, which remains in force",75000,"$35,000 fellowship allowance",person,programs/nsf-aapf,842;841
"Atmospheric and Geospace Sciences Postdoctoral Research Fellowships (AGS-PRF), year one",NSF,postdoctoral,"A $70,000 stipend plus a $30,000 allowance in year one","2022 solicitation, which remains in force",70000,"$30,000 allowance",person,programs/nsf-ags-prf,880;879
"Atmospheric and Geospace Sciences Postdoctoral Research Fellowships (AGS-PRF), year two",NSF,postdoctoral,"A $72,000 stipend plus a $30,000 allowance in year two","2022 solicitation, which remains in force",72000,"$30,000 allowance",person,programs/nsf-ags-prf,880;879
SBE Postdoctoral Research Fellowships (SPRF),NSF,postdoctoral,"Under NSF 23-500: $65,000 a year in quarterly instalments of $16,250, for up to 24 months",solicitation NSF 23-500,65000,"$15,000 annual fellowship allowance",person,programs/nsf-sprf,865
Innovative Postdoctoral Entrepreneurial Research Fellowship (I-PERF),NSF,postdoctoral,"I-PERF: $78,000 annual stipend",no year attached,78000,"optional health and life insurance, relocation help and a conference travel allowance (no amounts given)",person,programs/nsf-asee-postdoctoral-fellowships,833
NSF Research Traineeship Program (NRT),NSF,predoctoral,"NSF's minimum contribution to a trainee stipend is $37,000 per year for a 12-month appointment, raised from $34,000",2024 solicitation,37000,"not less than $16,000 per stipend-funded trainee for costs of education",institution,programs/nsf-nrt,828
Research Experiences for Undergraduates (REU) — Sites and Supplements,NSF,undergraduate,A student stipend of approximately $700 per week,2023 solicitation,,"total project costs expected not above $1,550 per student per week",institution,programs/nsf-reu,830
"NSF Scholarships in Science, Technology, Engineering, and Mathematics Program (S-STEM), undergraduates",NSF,undergraduate,"Scholarships of up to $15,000 per undergraduate per year","solicitation posted December 2, 2024",15000,not stated,institution,programs/nsf-s-stem,856
"NSF Scholarships in Science, Technology, Engineering, and Mathematics Program (S-STEM), graduate students",NSF,predoctoral,"Scholarships of up to $20,000 per graduate student per year","solicitation posted December 2, 2024",20000,not stated,institution,programs/nsf-s-stem,856
Robert Noyce Teacher Scholarship Program,NSF,other,"$10,000 or more per recipient per year, not above the cost of attendance",2023 solicitation,10000,not stated,institution,programs/nsf-noyce,858
Office of Science Graduate Student Research (SCGSR) Program,DOE Office of Science,predoctoral,"Up to $3,600 a month for living expenses at the host facility",no year attached,,"up to $3,000 per award for travel to and from the host facility when it is more than 50 miles from the home institution",person,programs/doe-sc-scgsr,895
DOE Computational Science Graduate Fellowship (DOE CSGF),DOE,predoctoral,"$45,000 a year; renewable up to four years",no year attached,45000,payment of full tuition and fees and a yearly professional development allowance,person,programs/doe-csgf,903
DOE NNSA Stewardship Science Graduate Fellowship (DOE NNSA SSGF),DOE NNSA,predoctoral,"$45,000 a year; renewable up to four years",no year attached,45000,payment of full tuition and fees and a yearly professional development allowance,person,programs/doe-nnsa-ssgf,905
DOE NNSA Laboratory Residency Graduate Fellowship (DOE NNSA LRGF),DOE NNSA,predoctoral,"$45,000 a year; renewable up to four years",no year attached,45000,payment of full tuition and fees and a yearly professional development allowance,person,programs/doe-nnsa-lrgf,907
Science Undergraduate Laboratory Internships (SULI),DOE Office of Science,undergraduate,$650 a week,no year attached,,one round-trip domestic travel reimbursement for those more than 50 miles away; a housing allowance where the laboratory does not arrange housing,person,programs/doe-wdts-suli,899
National Defense Science and Engineering Graduate (NDSEG) Fellowship,DoD,predoctoral,"$3,600 a month ($43,200 a year)",no year attached,43200,"full tuition and required fees, health insurance up to a total value of $1,600, and a $5,000 travel budget over the tenure",person,programs/dod-ndseg,915;916
"Science, Mathematics, and Research for Transformation (SMART) Scholarship-for-Service Program, lower end of the stated range",Department of War (SMART),other,"An annual stipend between $30,000 and $46,000 depending on degree level",no year attached,30000,"full tuition, a book and health allowance and summer internships",person,programs/dod-smart,917
"Science, Mathematics, and Research for Transformation (SMART) Scholarship-for-Service Program, upper end of the stated range",Department of War (SMART),other,"An annual stipend between $30,000 and $46,000 depending on degree level",no year attached,46000,"full tuition, a book and health allowance and summer internships",person,programs/dod-smart,917
NASA Postdoctoral Program (NPP),NASA,postdoctoral,"Stipends for postdoctoral fellows start at $70,000 per year, with supplements for high cost-of-living areas and certain specialties","page dated April 2, 2026",70000,"$10,000 per appointment year for travel; NASA pays approximately 85% of the health insurance premium",person,programs/nasa-npp,944
AFRI Education and Workforce Development — Predoctoral Fellowships (A7101),USDA NIFA,predoctoral,"FY 2026: $35,000 per year salary or stipend",FY 2026,35000,"$22,000 per year for other expenditures and a $3,000 per year institutional allowance",institution,programs/nifa-afri-ewd-predoctoral,960
"National Needs Graduate and Postgraduate Fellowship Grants Program (NNF), master's fellows",USDA NIFA,predoctoral,"FY 2026: master's fellows $25,000 salary or stipend plus a $14,000 institutional allowance a year",FY 2026,25000,"$14,000 institutional allowance a year",institution,programs/nifa-nnf,962
"National Needs Graduate and Postgraduate Fellowship Grants Program (NNF), DVM and doctoral fellows",USDA NIFA,predoctoral,"FY 2026: DVM and doctoral fellows $31,000 plus a $16,000 institutional allowance a year",FY 2026,31000,"$16,000 institutional allowance a year",institution,programs/nifa-nnf,962
Sea Grant John A. Knauss Marine Policy Fellowship,NOAA,other,"2027 class: $97,200 per fellow, of which $74,700 is salary or stipend for twelve months",2027 class,74700,"$5,000 for allowable expenses and $17,500 for travel",institution,programs/noaa-knauss-fellowship,965
NOAA Ernest F. Hollings Undergraduate Scholarship,NOAA,undergraduate,"Up to $9,500 per year of academic assistance for two years, and $700 a week for the 10-week internship",no year attached,9500,travel funds and a housing subsidy (no amounts given),person,programs/noaa-hollings-scholarship,968
NIST Summer Undergraduate Research Fellowship (SURF),NIST,undergraduate,"$7,810 for the 11-week programme ($710 a week)",2026 figures; 2027 figures are to be determined,,"housing assistance up to $4,500 and travel support up to $500",person,programs/nist-surf,979
"Smithsonian Institution Fellowship Program (SIFP), ten-week graduate student fellowship",Smithsonian,predoctoral,"Graduate student $10,000 for ten weeks","competition closing October 15, 2026 in one record; no fiscal year attached in the other",,"research allowance up to $5,000 except for graduate student fellows",person,programs/smithsonian-sifp;programs/smithsonian-institution-fellowship-program,984
"Smithsonian Institution Fellowship Program (SIFP), predoctoral",Smithsonian,predoctoral,"Predoctoral $45,000 per year","competition closing October 15, 2026 in one record; no fiscal year attached in the other",45000,"research allowance up to $5,000",person,programs/smithsonian-sifp;programs/smithsonian-institution-fellowship-program,984
"Smithsonian Institution Fellowship Program (SIFP), postdoctoral and senior",Smithsonian,postdoctoral,"Postdoctoral and senior $60,000 per year","competition closing October 15, 2026 in one record; no fiscal year attached in the other",60000,"research allowance up to $5,000",person,programs/smithsonian-sifp;programs/smithsonian-institution-fellowship-program,984
"Smithsonian Institution Fellowship Program (SIFP), postdoctoral and senior in earth and planetary sciences",Smithsonian,postdoctoral,"Postdoctoral and senior $60,000 per year ($65,000 per year in earth and planetary sciences)","competition closing October 15, 2026 in one record; no fiscal year attached in the other",65000,"research allowance up to $5,000",person,programs/smithsonian-sifp;programs/smithsonian-institution-fellowship-program,984
NEH Fellowships,NEH,faculty or scholar,"$5,000 per month of full-time work, to a maximum of $60,000 for twelve months, in the 2026 competition; part-time work is prorated",2026 competition,60000,not stated,person,programs/neh-fellowships,987;986
NEH Public Scholars,NEH,faculty or scholar,"$5,000 per month to a maximum of $60,000, in the 2026 competition",2026 competition,60000,not stated,person,programs/neh-public-scholars,1003
NEH Awards for Faculty at Historically Black Colleges and Universities,NEH,faculty or scholar,"$5,000 per month to a maximum of $60,000, in the 2026 competition",2026 competition,60000,not stated,person,programs/neh-awards-for-faculty-hbcu,1004
NEH Fellowships for Advanced Social Science Research on Japan,NEH,faculty or scholar,"$5,000 per month to a maximum of $60,000, in the 2026 competition",2026 competition,60000,not stated,person,programs/neh-fellowships-advanced-social-science-research-japan,1005
NEH Awards for Faculty at Hispanic-Serving Institutions,NEH,faculty or scholar,"$5,000 per full-time month, from a minimum of $10,000 for two months to a maximum of $60,000 for twelve months, in the 2025 competition",2025 competition,60000,not stated,person,programs/neh-awards-for-faculty-hsi,1055
NEH Awards for Faculty at Tribal Colleges and Universities,NEH,faculty or scholar,"$5,000 per month for two to twelve months, full-time equivalent; in the 2025 competition the range was $10,000 to $60,000",2025 competition for the range; no year attached to the monthly rate,60000,not stated,person,programs/neh-awards-for-faculty-tcu,1052;1055
NEH Fellowship Programs at Independent Research Institutions (FPIRI),NEH,faculty or scholar,"Fellowship stipends were calculated at $5,000 per month in the 2021 and 2022 competitions; the fellowship ran from four to twelve months",2021 and 2022 competitions,,not stated,institution,programs/neh-fpiri,1050
"NIDILRR Switzer Research Fellowships, minimum",ACL NIDILRR,faculty or scholar,"$80,000 minimum to $90,000 maximum for one 12-month period, in the fiscal year 2025 notice",fiscal year 2025 notice,80000,not stated,person,programs/acl-nidilrr-switzer-fellowships,1040
"NIDILRR Switzer Research Fellowships, maximum",ACL NIDILRR,faculty or scholar,"$80,000 minimum to $90,000 maximum for one 12-month period, in the fiscal year 2025 notice",fiscal year 2025 notice,90000,not stated,person,programs/acl-nidilrr-switzer-fellowships,1040
NIJ Graduate Research Fellowship (GRF),NIJ,predoctoral,"Per year in the FY25 notice: $41,000 for salary and fringe",FY25 notice,41000,"up to $16,000 cost of education allowance and up to $3,000 for research expenses",institution,programs/doj-nij-graduate-research-fellowship,991
Library of Congress Kluge Fellowship,Library of Congress,faculty or scholar,"$5,000 per month, as the page stood on the sweep date",no year attached,,not stated,person,programs/loc-kluge-fellowship,999
Wilson Center Research Fellowship,Wilson Center,faculty or scholar,"$10,000 per month for a twelve-month fellowship",2027-2028,,not stated,person,programs/wilson-center-research-fellowship,1001
