programme,federal_agency,money_goes_to,nonprofit_door,federal_page_says,chain,record,ref
Community Mental Health Services Block Grant (MHBG),SAMHSA (HHS),"States and territories, by formula","The State Mental Health Authority, which submits the application and plan","The state provides services ""only through appropriate, qualified community programs""; no federal page read says how a provider applies to a state","50 states, the District of Columbia, Puerto Rico, the U.S. Virgin Islands and 6 Pacific jurisdictions",programs/samhsa-mental-health-block-grant,1129;1131;1219
"Substance Use Prevention, Treatment, and Recovery Services Block Grant (SUBG)",SAMHSA (HHS),"States, territories and one tribal entity, by formula","The State Substance Abuse Agency, which SAMHSA also calls the Single State Agency; it funds public and non-profit providers",A state may give financial assistance only to public or non-profit private entities; the state plan is made public for comment,"50 states, the District of Columbia, Puerto Rico, the U.S. Virgin Islands, 6 Pacific jurisdictions and 1 tribal entity",programs/samhsa-substance-use-block-grant,548;1130;1132;1133;1219
State Opioid Response Grants (SOR),SAMHSA (HHS),State substance use agencies and territories,The Single State Agency for substance use services in each state; providers are funded by the state,"""Eligibility is limited to Single State Agencies (SSAs) and territories.""",59 expected awards in the 2024 listing,programs/samhsa-state-opioid-response,1201
Title V Maternal and Child Health Services Block Grant,HRSA (HHS),"States and jurisdictions, which apply each year",The state's Title V agency,"""States decide how to use the funding.""; the page does not describe how a local organization applies",,programs/hrsa-title-v-mch-block-grant,1168
"Maternal, Infant, and Early Childhood Home Visiting Program (MIECHV)",HRSA (HHS),The 50 states and 6 jurisdictions,The state or jurisdiction that holds the award; local home visiting agencies are funded by the state,"""Nonprofit organizations currently funded are eligible to apply if the state/jurisdiction does not apply.""; the forecast does not describe subawards",50 states and 6 jurisdictions; 56 awards in the FY 2027 forecast,programs/hrsa-miechv,1167
"Ryan White HIV/AIDS Program Parts A and B (grants to metropolitan areas, states and territories)",HRSA (HHS),Part A: the chief elected official of the cities and counties most affected by HIV. Part B: states and territories,"Part A: the chief elected official's office or the lead agency it names, guided by a planning council or planning body. Part B: the state or territory",does not describe the local process,"Part A: 23 Eligible Metropolitan Areas and 28 Transitional Grant Areas. Part B: the 50 states, the District of Columbia, Puerto Rico, the U.S. Virgin Islands and six territories",programs/hrsa-ryan-white-parts-a-and-b,1156;1158
"Public Health Infrastructure Grant (Strengthening U.S. Public Health Infrastructure, Workforce, and Data Systems)",CDC (HHS),"State, territorial and large local health departments and three national partner organizations","The state, territorial or local health department that holds the award",The CDC page states no rule on subawards and does not describe subawards to community organizations,"107 health departments (all 50 states, Washington D.C., 8 territories and freely associated states, and 48 large localities) and 3 national partners",programs/cdc-public-health-infrastructure-grant,1197
Rural Health Transformation (RHT) Program,CMS (HHS),"Approved states, in each of fiscal years 2026 to 2030",The state agency that holds the state's award; rural providers and organizations take part through their state's approved plan,"""Only the 50 U.S. states are eligible to receive an RHT Program award""; the CMS page read does not state subaward rules",the 50 states,programs/cms-rural-health-transformation,1193
Child Care and Development Fund (Child Care and Development Block Grant),ACF Office of Child Care (HHS),"States, territories and tribes, which submit plans every three years","The state, territorial or tribal child care lead agency named in the CCDF plan","Subsidies reach providers as ""certificates (vouchers), or grants and contracts with providers""",,programs/acf-ccdf,1248
Community Services Block Grant,ACF Office of Community Services (HHS),"States, territories and tribes","The state CSBG office and the local Community Action Agency; ACF links a ""Find Your CAA"" tool",States pass no less than 90 percent to local eligible entities; how an organisation not already an eligible entity obtains CSBG money is not stated,"more than 1,000 local agencies and tribal organisations",programs/acf-csbg,1239;1240
Family Violence Prevention and Services Act formula grants to states and tribes,ACF Office of Family Violence Prevention and Services (HHS),"States, territories and tribes","The state or territory agency, or the tribe, that receives the FVPSA formula grant","By statute a subgrant may go to a local public agency or a non-profit private organisation, including faith-based and community-based organisations",,programs/acf-fvpsa-formula,1243;1355
Social Services Block Grant,ACF Office of Community Services (HHS),"States and territories, as a capped entitlement",The state agency that administers SSBG,"""States may provide services directly, or sub-allocate funds to local qualified providers.""",,programs/acf-ssbg,1241;1242
"Older Americans Act Title III - supportive services, nutrition and caregiver support",ACL Administration on Aging (HHS),"State agencies on aging, as formula funding",The state agency on aging and the area agency on aging for the planning and service area,"""Mandatory, or 'formula,' grants are on-going programs, which require no application or competition""","56 state agencies on aging, 618 area agencies on aging, nearly 20,000 local service providers",programs/acl-oaa-title-iii,1259;1260;1261
Victims of Crime Act (VOCA) Victim Assistance formula grants,DOJ Office for Victims of Crime,"States and territories, by formula from the Crime Victims Fund",The state VOCA victim assistance administrator; OVC lists state contacts on its State Support map at ovc.ojp.gov/states,"States make subgrants to ""local community-based organizations and public agencies that provide services directly to victims""",56 states and territories in OVC's FY2026 chart,programs/doj-ovc-voca-victim-assistance,1279;1280;1470
OVW STOP Violence Against Women Formula Grant Program,DOJ Office on Violence Against Women,"The state office named by each governor; each state or territory receives $600,000 and the rest is allotted by population",The state office designated by the chief executive of the state to administer STOP funds; a non-profit victim service provider seeks a subgrant from that office,"Only the designated state office may apply; ""Subgrants to Tribes and to victim service providers for victim services are not subject to this match requirement.""",56 STOP awards in FY2025,programs/doj-ovw-stop-formula,1263;1269
Edward Byrne Memorial Justice Assistance Grant (JAG) Program,DOJ Bureau of Justice Assistance,"States, tribes and local governments; only the designated state administering agencies receive the state awards","The state administering agency for JAG in each state, or the local government that holds a direct award",BJA's overview does not say whether a non-profit may receive a subaward; it directs local governments without a direct award to the state administering agency,,programs/doj-bja-byrne-jag,1343
OJJDP Title II Formula Grants Program,DOJ Office of Juvenile Justice and Delinquency Prevention,The state agency named by the governor,The designated state agency and its Juvenile Justice Specialist,"""Only state agencies, designated by the Governor, are eligible to apply.""; subgrants go to units of local government, local private agencies and Indian Tribes","48 states, the District of Columbia and several territories in the FY2023 awards",programs/doj-ojjdp-title-ii-formula,1344
Community Development Block Grant,HUD Office of Community Planning and Development,"Entitlement cities and urban counties, and states for smaller places","The city, urban county or state that holds the CDBG grant","""HUD does not provide CDBG assistance directly to individuals, businesses, nonprofit or organizations or other non-governmental entities.""",49 States and Puerto Rico run the State CDBG Program for other areas,programs/hud-cdbg,1292
HOME Investment Partnerships Program,HUD Office of Community Planning and Development,Participating jurisdictions (states and localities),The participating jurisdiction (state or local government) that holds the HOME grant,Part of each grant is set aside for qualified community-based non-profit housing groups; the rule reserves not less than 15 percent,,programs/hud-home,1293;1352
Nonprofit Security Grant Program,FEMA (DHS),"The State Administrative Agency, the only eligible applicant, which submits the state's package to FEMA","The State Administrative Agency, which sets its own earlier deadline for non-profits and scores their Investment Justifications","""Nonprofit organizations may NOT apply directly to the Department of Homeland Security (DHS)/FEMA.""",,programs/fema-nsgp,1320
"WIOA Title I formula grants - Adult, Dislocated Worker and Youth",DOL Employment and Training Administration,"States and outlying areas, by statutory formula",The state workforce agency and the local area's American Job Center network; ETA gives 1-877-US-2JOBS and the CareerOneStop site for local contacts,ETA's programme page does not describe how a local board selects service or training providers,,programs/dol-eta-wioa-formula,1302;1304
Nita M. Lowey 21st Century Community Learning Centers (21st CCLC),U.S. Department of Education,"State educational agencies, by formula; each state runs its own competition",The state educational agency; the Department's page lists each state's 21st CCLC contact,"Local educational agencies, community-based organizations, Indian tribes or tribal organizations, other public or private entities and consortia may apply for a state's subgrants",,programs/ed-21st-century-community-learning-centers,1399
"Charter Schools Program, Grants to State Entities",U.S. Department of Education (FY 2026 competition run by the Department of Labor),"A state entity: a state educational agency, a state charter school board, a governor, or a charter school support organization","The state entity that holds the grant; it runs the State's charter school subgrant programme, and a school developer applies to it for a subgrant",The state entity makes subgrants to those opening or expanding charter schools in the State,,programs/ed-charter-schools-state-entities,1396;1453
NEA Partnership Agreement Grants (state arts agencies and regional arts organizations),National Endowment for the Arts,State and jurisdictional arts agencies and regional arts organizations,"The state or jurisdictional arts agency, or the regional arts organization",A subrecipient must provide a UEI; state agencies must decide on criteria that include artistic excellence and artistic merit,56 state and jurisdictional arts agencies and six regional arts organizations,programs/nea-partnership-agreements,1359;1360
NEH Federal/State Partnership (state and jurisdictional humanities councils),National Endowment for the Humanities,"State and jurisdictional humanities councils, as general operating support grants",The state or jurisdictional humanities council; NEH offers a contact list of the councils on its Federal/State Partnership page,Each council sets its own programmes and deadlines; NEH's page lists none,humanities councils in 56 states and jurisdictions,programs/neh-state-humanities-councils,1366
IMLS Grants to States (Library Services and Technology Act),Institute of Museum and Library Services,"State Library Administrative Agencies, by a population-based formula","The State Library Administrative Agency, through competitive subawards or cooperative agreements","Each agency either runs statewide services or makes competitive subawards to libraries, and sets its own subaward calendar","State Library Administrative Agencies of the 50 States, the District of Columbia, five territories and three Freely Associated States",programs/imls-grants-to-states,1372
AmeriCorps State and National Grants,AmeriCorps,"By regulation one third goes to States by population formula, at least one third is competed among States, and the remainder is competed directly","The State service commission, for the formula share and for the share competed among States; a non-profit may also apply under the competitive notice",The Grants.gov listing names non-profits among eligible applicants and says applicants apply through Grants.gov,,programs/americorps-state-and-national,1374;1377
4-H and Cooperative Extension (through land-grant universities),USDA NIFA,"Land-grant institutions, through capacity grants to the states on statutory formulas",The Cooperative Extension Service of the state's land-grant university,The page describes no direct NIFA grant to a community non-profit for 4-H,,programs/nifa-4h-cooperative-extension,1454;1475
NIH IDeA Networks of Biomedical Research Excellence (INBRE),NIH National Institute of General Medical Sciences,The lead institution of one statewide network in each IDeA state and Puerto Rico,The lead institution of the statewide INBRE network; a primarily undergraduate institution in an IDeA state takes part as a network institution,"""funds statewide networks of higher education and research institutions in each IDeA-states and Puerto Rico to build biomedical research capacity""",,programs/nih-idea-inbre,1543;1547
HUD Section 4 Capacity Building for Community Development and Affordable Housing,HUD Office of Community Planning and Development,Three national non-profits named in the statute,"Enterprise Community Partners, Local Initiatives Support Corporation and Habitat for Humanity International, each of which runs its own process for the local groups it supports","""Affiliates and local offices of these organizations and their community partners are not eligible.""",three organisations,programs/hud-section-4-capacity-building,1712;1713
HUD Rural Capacity Building for Community Development and Affordable Housing Grants (RCB),HUD Office of Community Planning and Development,National 501(c)(3) non-profits with rural capacity-building experience in at least eight of HUD's federal regions,The national non-profits that win awards; HUD's listing does not name them,"""Only National Organizations that are 501(c)(3) nonprofits, other than institutions of higher education, may apply.""",five awards expected,programs/hud-rural-capacity-building,1714
National Park Service Paul Bruhn Historic Revitalization Grants,National Park Service,"Prime grantees: State Historic Preservation Offices, Tribal Historic Preservation Offices, Certified Local Governments and non-profits","The prime grantees, which run their own subgrant competitions for rural historic properties; the owner of a single historic building applies to a prime","""Prime grantees cannot use grant funds for their own properties or submit applications for individual buildings.""",,programs/nps-paul-bruhn-historic-revitalization-grants,1704
NHPRC State Board Programming Grants,National Historical Publications and Records Commission (National Archives),"State Historical Records Advisory Boards authorised by a state, a territory or the District of Columbia","The State Historical Records Advisory Board, where it uses its grant for regrants to archival repositories","A local archive or non-profit cannot apply to the Commission; where its state board offers regrants, it applies to the board",up to 20 grants,programs/nhprc-state-board-programming-grants,700
"FEMA Building Resilient Infrastructure and Communities (BRIC), in outline",FEMA (DHS),"States, the District of Columbia, territories and tribes","The state, territory or tribe, which applies to FEMA on behalf of its subapplicants","Subapplicants are local governments, cities, counties, special district governments and Tribal Nations; private non-profits are not listed as subapplicants",,programs/fema-bric,1750;1776
DOE Renew America's Nonprofits (energy efficiency grants for non-profit buildings),U.S. Department of Energy,"Prime recipients, each a non-profit that assembles a portfolio of buildings; one round, in 2023","The prime recipients selected in 2023, which distribute subawards to non-profit building owners","A building owner takes part as a subrecipient of a prime recipient, with subawards of up to $200,000",5 to 15 prime recipients,programs/doe-renew-americas-nonprofits,1747;1748
AmeriCorps Volunteer Generation Fund,AmeriCorps,State Service Commissions only,The State Service Commission of the organisation's state,"""This opportunity is only open to State Service Commissions.""; the listing does not say how a commission passes the money on",,programs/americorps-volunteer-generation-fund,1796
"Strengthening Historically Black Colleges and Universities (Title III, Part B)","U.S. Department of Education, Office of Postsecondary Education","Each eligible historically Black college or university, by formula; there is no national competition",None named: the record's route is direct. Only Part B institutions are eligible; a non-profit that is not such an institution may not apply,An institution on the list in 34 CFR 608.2 files a two-phase application for a five-year grant period,110 awards for FY 2026,programs/ed-title-iii-b-strengthening-hbcus,1602;1649
"Strengthening Historically Black Graduate Institutions (Title III, Part B, section 326)","U.S. Department of Education, Office of Postsecondary Education","The institutions named in section 326 of the Higher Education Act, by formula",None named: the record's route is direct. Only the institutions named in the statute may receive a grant,Funds are distributed by formula to the named institutions; not more than one grant goes to any institution in a fiscal year,24 named institutions,programs/ed-title-iii-b-hbgi,1603
Master's Degree Programs at Historically Black Colleges and Universities,"U.S. Department of Education, Office of Postsecondary Education","Historically Black colleges and universities, as a non-competitive grant; the list of eligible institutions was not read",None named: the record's route is direct. The Department lists the programme among its non-competitive grants,The Department lists the programme as non-competitive; no notice was found for FY 2026,,programs/ed-hbcu-masters,1601
"Strengthening Tribally Controlled Colleges and Universities (Title III, Part A, section 316, and Part F)","U.S. Department of Education, Office of Postsecondary Education","Tribally controlled colleges and universities, by formula, with a minimum of $500,000 for each institution",None named: the record's route is direct. Only tribal colleges and universities are eligible; a non-profit that is not such an institution may not apply,A new applicant first needs an eligibility determination from the Bureau of Indian Education; applications go through Grants.gov,,programs/ed-title-iii-a-tccu,1617
Agricultural Research at 1890 Land-grant Institutions (Evans-Allen),USDA NIFA,"The 1890 land-grant institutions, including Tuskegee University and West Virginia State University, as capacity (formula) funds",None named: the record's route is direct. Only the 1890 institutions may apply; there is no national competition,"""Eligibility is limited to the cooperating institutions, most of which are 1862, 1890, and 1994 land-grant institutions.""",,programs/nifa-evans-allen-1890-research,1475;1635
1890 Facilities Grants Program,USDA NIFA,The named 1890 land-grant institutions; the grant is noncompetitive,None named: the record's route is direct. Only the 19 named 1890 institutions may apply,The grant is noncompetitive and restricted to the 19 named institutions; the notice shown dates from fiscal year 2023,19 named institutions,programs/nifa-1890-facilities-grants,1638
Tribal College Endowment Program,USDA NIFA,"Each 1994 land-grant institution, as a yearly allotment from the interest on an endowment fund",None named: the record's route is direct. Only 1994 land-grant institutions receive the allotment,"""This grant provides funds for use at the 1994 Land-grants' discretion.""",,programs/nifa-tribal-college-endowment,1639
NIFA Hatch Act capacity grants (State Agricultural Experiment Stations),USDA NIFA,"State Agricultural Experiment Stations, by statutory formula",None named: the record's route is direct. No other college and no non-profit may apply,Each station answers a yearly request for applications through Grants.gov to receive its share,"State Agricultural Experiment Stations in the 50 states, the District of Columbia and the U.S. insular areas",programs/nifa-hatch-act-capacity-grants,1792;1793;1794
