funder,foundation_kind,applies_to,policy,rate_kind,rate_num,base,record,ref
Simons Foundation,independent,Grants to the primary institution,Indirect costs to the primary institution are limited to 20 percent of direct costs.,maximum,20,"direct costs, leaving out equipment over $10,000, tuition and the part of each subcontract above $25,000",funders/simons-foundation,2120
Alfred P. Sloan Foundation,independent,"Project grants: requests of $50,000 or less","No indirect (overhead) costs on requests of $50,000 or less (guidelines last modified 10/27/2025).",none paid,0,not stated,funders/sloan-foundation,2234
Alfred P. Sloan Foundation,independent,"Project grants: requests larger than $50,000","On larger requests indirect costs ""may not exceed 20 percent of direct project costs"", shared with any subcontractor (guidelines last modified 10/27/2025).",maximum,20,"direct project costs, leaving out tuition",funders/sloan-foundation,2234
Alfred P. Sloan Foundation,independent,Sloan Research Fellowships,Sloan Research Fellowship funds may not be used for indirect costs or overhead.,none paid,0,not stated,funders/sloan-foundation,2125
Gordon and Betty Moore Foundation,family,Projects the foundation funds; a subgrantee may charge on the same terms,The indirect cost rate may not exceed 12.5 percent of the direct costs of the project; a subgrantee may charge up to 12.5 percent on the same terms.,maximum,12.5,"direct costs of the project, leaving out consultants, contractors and subgrants, endowments, equipment and capital expenditures, fee-for-service charges, fiscal sponsor fees and tuition",funders/moore-foundation,2129
W. M. Keck Foundation,independent,Research Program; the record does not cover the foundation's other areas,No indirect costs are paid; the foundation treats the institution's waiver of them as in-kind support.,none paid,0,not stated,funders/keck-foundation,2133;2135
Research Corporation for Science Advancement,independent,Cottrell Scholar Award,Cottrell Scholar Award funds may not be used for indirect costs.,none paid,0,not stated,funders/rcsa,2141
The Camille and Henry Dreyfus Foundation,independent,Camille Dreyfus and Henry Dreyfus Teacher-Scholar Awards,"Not allowed: ""Charges associated with indirect costs or institutional overhead are not allowed.""",none paid,0,not stated,funders/dreyfus-foundation,2146;2147
The David and Lucile Packard Foundation,family; independent in the record's second entry,Packard Fellowships for Science and Engineering,"For the fellowships, $17,500 of each year's $175,000 is available to the university for administrative costs.",maximum,,"each year's $175,000; a sum is stated, not a percent",funders/packard-foundation;mechanics/foundation-indirect-cost-caps,2149
The David and Lucile Packard Foundation,family; independent in the record's second entry,Project grants: grantee with an annual budget under $5 million,On project grants the foundation pays a tiered minimum indirect rate set by the grantee's annual budget: 25 percent under $5 million.,minimum,25,not stated,funders/packard-foundation,2341
The David and Lucile Packard Foundation,family; independent in the record's second entry,Project grants: grantee with an annual budget from $5 million to $50 million,On project grants the foundation pays a tiered minimum indirect rate set by the grantee's annual budget: 20 percent from $5 million to $50 million.,minimum,20,not stated,funders/packard-foundation,2341
The David and Lucile Packard Foundation,family; independent in the record's second entry,Project grants: grantee with an annual budget over $50 million,On project grants the foundation pays a tiered minimum indirect rate set by the grantee's annual budget: 15 percent over $50 million.,minimum,15,not stated,funders/packard-foundation,2341
John Templeton Foundation,independent,Projects the foundation funds,An overhead or indirect cost component of no more than fifteen percent (15%) is allowed.,maximum,15,not stated,funders/templeton-foundation,2156
Burroughs Wellcome Fund,independent,Career Awards at the Scientific Interface (CASI),"For CASI, ""indirect costs may not be charged against the grant"".",none paid,0,not stated,funders/burroughs-wellcome-fund,2168
Burroughs Wellcome Fund,independent,The Fund as a whole,No Fund-wide rule was returned.,rates not found,,not stated,funders/burroughs-wellcome-fund,2168
The Pew Charitable Trusts,public-charity,Pew Scholars Program in the Biomedical Sciences,"Not more than 8 percent ($24,000) of the total award may go to facilities and administration or indirect costs.",maximum,8,the total award,funders/pew-charitable-trusts,2174
The Leona M. and Harry B. Helmsley Charitable Trust,independent,Organisations with an annual operating budget under $5 million,An organisation with an annual operating budget under $5 million may request up to 20% of direct project costs (terms last updated April 2025).,maximum,20,direct project costs,funders/helmsley-charitable-trust,2185
The Leona M. and Harry B. Helmsley Charitable Trust,independent,Organisations with an annual operating budget over $5 million,An organisation with an annual operating budget over $5 million may request up to 10% of direct project costs (terms last updated April 2025).,maximum,10,direct project costs,funders/helmsley-charitable-trust,2185
The Leona M. and Harry B. Helmsley Charitable Trust,independent,Equipment and subcontractor costs within a grant,"Indirect funds of 10% may be requested on equipment and subcontractor costs, to annual maximums of $2,000 and $2,500 (terms last updated April 2025).",maximum,10,"equipment and subcontractor costs, to annual maximums of $2,000 and $2,500",funders/helmsley-charitable-trust,2185
The Leona M. and Harry B. Helmsley Charitable Trust,independent,Grants made under expenditure responsibility,No indirect costs are paid on grants made under expenditure responsibility (terms last updated April 2025).,none paid,0,not stated,funders/helmsley-charitable-trust,2185
American Heart Association,public-charity,Career Development Award,10% institutional indirect costs on the Career Development Award.,maximum,10,not stated,funders/american-heart-association;mechanics/foundation-indirect-cost-caps,2188
American Cancer Society,public-charity,Standard grants,"10% of direct costs on standard grants, with equipment of $5,000 or more left out of the base.",maximum,10,"direct costs, leaving out equipment of $5,000 or more",funders/american-cancer-society;mechanics/foundation-indirect-cost-caps,2248;2190
American Cancer Society,public-charity,"Postdoctoral Fellowships, ACS Professor Awards and Institutional Research Grants","None on Postdoctoral Fellowships, ACS Professor Awards and Institutional Research Grants.",none paid,0,not stated,funders/american-cancer-society,2248
American Cancer Society,public-charity,ACS-ASTRO grant,The grants index also lists 8% on the ACS-ASTRO grant.,maximum,8,not stated,funders/american-cancer-society,2190
American Cancer Society,public-charity,EDS Accelerator Award,The grants index also lists none on the EDS Accelerator Award.,none paid,0,not stated,funders/american-cancer-society,2190
Spencer Foundation,independent,Small grants,None on small grants.,none paid,0,not stated,funders/spencer-foundation,2194
Spencer Foundation,independent,Large grants,15 percent on large grants.,maximum,15,not stated,funders/spencer-foundation;mechanics/foundation-indirect-cost-caps,2195
Spencer Foundation,independent,Research-practice partnership grants,Up to 15% on research-practice partnership grants.,maximum,15,not stated,funders/spencer-foundation,2196
Russell Sage Foundation,independent,"Grants over $75,000","""RSF covers indirect costs of up to 15% on grants over $75,000 only"", and none on data purchases or access fees or on subcontracts to survey firms.",maximum,15,not stated,funders/russell-sage-foundation,2202
William T. Grant Foundation,independent,Research grants,Up to 15% within research grants.,maximum,15,not stated,funders/william-t-grant-foundation,2207
William T. Grant Foundation,independent,William T. Grant Scholars award,Up to 7.5% within the Scholars award.,maximum,7.5,not stated,funders/william-t-grant-foundation,2206
Mellon Foundation,independent,The foundation as a whole,No general policy was returned.,rates not found,,not stated,funders/mellon-foundation,2212
Mellon Foundation,independent,New Directions Fellowships,"New Directions Fellowships pay no indirect, overhead or administrative costs to the university.",none paid,0,not stated,funders/mellon-foundation,2212
Henry Luce Foundation,independent,The foundation's grants,"""The Luce Foundation will cover indirect costs (general operating costs) up to 20% of the total grant amount.""",maximum,20,the total grant amount,funders/henry-luce-foundation,2219
John Simon Guggenheim Memorial Foundation,independent,Guggenheim Fellowships,"The grant is made to the individual, not to an institution.",rates not found,,not stated,funders/guggenheim-foundation,2225
Gates Foundation,independent,U.S. universities and community colleges,"The indirect cost policy in force since February 1, 2017 sets maximum rates on budgeted total direct costs: up to 10% for U.S. universities and community colleges.",maximum,10,budgeted total direct costs,funders/gates-foundation,2257
Gates Foundation,independent,Non-U.S. universities; non-governmental and non-profit organisations,"The indirect cost policy in force since February 1, 2017 sets maximum rates on budgeted total direct costs: up to 15% for non-U.S. universities and for non-governmental and non-profit organisations.",maximum,15,budgeted total direct costs,funders/gates-foundation,2257
Gates Foundation,independent,Government entities,"The indirect cost policy in force since February 1, 2017 sets maximum rates on budgeted total direct costs: 0% for government entities.",none paid,0,budgeted total direct costs,funders/gates-foundation,2257
Gates Foundation,independent,For-profit entities,"The indirect cost policy in force since February 1, 2017 sets maximum rates on budgeted total direct costs: 0–15% for for-profit entities.",maximum,,budgeted total direct costs,funders/gates-foundation,2257
Ford Foundation,independent,"Project grants; not expedited, general operating and core support grants, or grant increases","On project grants the minimum indirect cost rate is 25 percent from January 1, 2023; it was 20 percent through 2022.",minimum,25,not stated,funders/ford-foundation,2332;2333
John D. and Catherine T. MacArthur Foundation,independent,"Project grants to non-profit organisations; not general operating, endowment, flexible support or expedited small grants","Project grants to non-profit organisations carry indirect cost recovery of 29 percent, applied to project costs. The policy took effect January 1, 2020 and was last updated October 3, 2024.",fixed,29,project costs,funders/macarthur-foundation,2265
Robert Wood Johnson Foundation,independent,For-profit organisations,The allowable indirect rate varies by type of organisation; the question-and-answer sheet of a 2026 call states the rate as 0% for for-profit organisations.,none paid,0,not stated,funders/robert-wood-johnson-foundation,2336;2490
Robert Wood Johnson Foundation,independent,"U.S. colleges and universities; hospital or health systems, including non-profit ones","The allowable indirect rate varies by type of organisation; the question-and-answer sheet of a 2026 call states the rate as 15% for U.S. colleges and universities and hospital or health systems, including non-profit ones.",maximum,15,not stated,funders/robert-wood-johnson-foundation,2336;2490
Robert Wood Johnson Foundation,independent,Non-profits,The allowable indirect rate varies by type of organisation; the question-and-answer sheet of a 2026 call states the rate as 30% for non-profits.,maximum,30,not stated,funders/robert-wood-johnson-foundation,2336;2490
William and Flora Hewlett Foundation,independent,Project budgets,The foundation uses no fixed minimum or maximum indirect rate; it expects a project budget to show the grantee's actual indirect costs.,no fixed rate,,not stated,funders/hewlett-foundation,2280
The Commonwealth Fund,independent,The Fund's grants,Overhead may be charged at up to 20 percent of total direct costs.,maximum,20,"total direct costs, leaving out consultants, contractors, sub-awards, fee-for-service charges, and tuition and stipends for approved fellowship programmes",funders/commonwealth-fund,2361
The New York Community Trust,community,Administrative expenses in a grant request,"""We do not have caps on administrative expenses but will assess whether the requested percentage is appropriate""",no fixed rate,,not stated,funders/new-york-community-trust,2416
The New York Community Trust,community,Non-profits with budgets under $4 million,Non-profits with budgets under $4 million may use up to 25 percent of a grant flexibly.,maximum,25,the grant,funders/new-york-community-trust,2416
National Fish and Wildlife Foundation,public-charity,Applicants with a valid federally negotiated indirect cost rate agreement,An applicant with a valid federally negotiated indirect cost rate agreement may use it.,no fixed rate,,not stated,funders/nfwf,2466
National Fish and Wildlife Foundation,public-charity,Organisations without a federally negotiated indirect cost rate agreement,An organisation without one may use a de minimis rate of up to 15% of modified total direct costs.,maximum,15,modified total direct costs,funders/nfwf;mechanics/de-minimis-indirect-rate,2466;1802
