rule,applies_to,rate_or_limit,base,set_by,announced_or_effective,status,rate_num,record,ref
Negotiated indirect cost rate (NICRA),Organisations that receive federal awards directly and have negotiated a rate with their cognizant agency,"the rate, or rates, in the organisation's negotiated agreement; no single figure",normally modified total direct costs,2 CFR 200.414(c)(1); Appendix III (institutions of higher education) and Appendix IV (non-profits) to 2 CFR part 200,standing rule,"In force. The eCFR text current to October 1, 2026, read October 4, 2026, requires all federal agencies to accept negotiated rates, with two exceptions.",,mechanics/negotiated-indirect-cost-rate; mechanics/negotiated-rate-acceptance-rule; mechanics/indirect-costs-facilities-and-administrative; mechanics/modified-total-direct-costs,1799; 1802; 1849; 1850
Limit on administrative costs inside a university's rate,Institutions of higher education: the administrative categories of the facilities and administrative rate,26% of modified total direct costs,modified total direct costs,"Appendix III to 2 CFR part 200, section C.8",standing rule,"Standing rule in the record, read in the annual edition of the Code of Federal Regulations revised as of January 1, 2025.",26,mechanics/indirect-costs-facilities-and-administrative,1849
De minimis indirect cost rate,"Recipients and subrecipients without a current federal negotiated rate, which includes many small non-profits",up to 15 percent of modified total direct costs; no documentation needed; may be used indefinitely,modified total direct costs,2 CFR 200.414(f),"awards executed on or after October 1, 2024, as NSF states it","In force. The eCFR text current to October 1, 2026 carries the rate; NEH, IMLS, IES, HHS and USDA state 15 percent. One NIH text gives 10% (next row).",15,mechanics/de-minimis-indirect-rate; mechanics/de-minimis-indirect-rate-15; mechanics/nonprofit-indirect-cost-rate-negotiation; mechanics/modified-total-direct-costs,1802; 2070; 163; 528; 1948; 644; 677; 663
De minimis rate as the NIH Grants Policy Statement text gives it,NIH applicants with no federally negotiated rate,"10% of modified total direct costs, in the fetched policy text",modified total direct costs,"NIH Grants Policy Statement, section 7.4",standing rule,"Disagrees with the row above. 2 CFR 200.414(f) and the HHS Grants Policy Statement give 15 percent; HRSA records a rise from 10 effective October 1, 2024.",10,mechanics/nih-f-and-a-costs; mechanics/de-minimis-indirect-rate,64; 528; 529; 1802
HHS rate for foreign organisations,Foreign and international organisations on NIH and other HHS grants,8 percent,"modified total direct costs, as the NIH policy statement gives it","2 CFR 300.414(b); NIH Grants Policy Statement, section 7.4",standing rule,"In the HHS regulation as read on eCFR, current to October 1, 2026.",8,mechanics/nih-f-and-a-costs; mechanics/negotiated-rate-acceptance-rule,64; 1884; 528
HHS limit on training grants,Training grants from HHS agencies; the HHS Grants Policy Statement includes career awards,8% of modified total direct costs,modified total direct costs,2 CFR 300.414(a),standing rule,"In the HHS regulation as read on eCFR, current to October 1, 2026. It governs in place of the de minimis rate.",8,mechanics/negotiated-rate-acceptance-rule; mechanics/de-minimis-indirect-rate,1884; 528
"NIH training, career and research education awards","K awards, K12 programmes, T32 and T35 training grants and R25 research education grants","8% of modified total direct costs, not the organization's negotiated rate","modified total direct costs; on training grants, exclusive of tuition and fees, consortium costs in excess of $25,000 and equipment","NIH parent notices PA-24-176 (K01), PA-27-030 (K12), PA-25-168 (T32) and PA-27-036 (R25)",standing rule,As stated in the notices read. The R00 phase of the K99/R00 uses the institution's own rate.,8,mechanics/nih-training-indirect-cost-rate,744; 753; 750; 756; 743
HRSA primary care research training grant (NRSA),HRSA's FY 2026 primary care National Research Service Award,"8% of modified total direct costs, whatever the institution's negotiated rate",modified total direct costs,Notice of Funding Opportunity HRSA-26-035,FY 2026 notice,As stated in the FY 2026 notice.,8,mechanics/training-grant-indirect-cost-limit-8-percent,1028
NIFA statutory indirect cost limit,NIFA competitive awards; stated in the FY 2026 AFRI and Specialty Crop notices; sub-awardee indirect costs count,the lesser of the negotiated rate or 30 percent of Total Federal Funds Awarded,Total Federal Funds Awarded,section 1462 of NARETPA (7 U.S.C. 3310),standing rule; stated in FY 2026 notices,Statutory limit as the FY 2026 notices state it. NIFA's indirect costs page tells applicants to follow the limitation in each notice.,30,mechanics/nifa-indirect-cost-limit,412; 414; 407
NIH individual fellowships and conference grants,NIH individual fellowships and NIH conference grants,none,no base: none paid,"NIH Grants Policy Statement, section 7.4; parent F31 notice PA-25-422",standing rule,As stated in the policy text and the notice read.,0,mechanics/nih-training-indirect-cost-rate; mechanics/nih-f-and-a-costs,736; 64
NIH S10 instrument awards and C06 construction awards,S10 Shared Instrumentation and Seed Instrumentation Support awards; C06 research facility awards,none: S10 awards do not allow indirect costs; the C06 notice lists F&A costs as unallowable,no base: none paid,NIH notices PAR-27-022 and PAR-27-021 (S10) and PAR-26-106 (C06),"notices posted June 25, 2026 (S10) and March 6, 2026 (C06)",As stated in the notices read.,0,mechanics/nih-instrument-awards-no-indirect-costs,1536; 1537; 1542
Department of Defense DURIP equipment awards,"DURIP awards, as the record reads the FY27 announcement",equipment costs are treated as exempt from indirect costs,not stated,FY27 DURIP NOFO N0001426SF003,FY27 announcement,As the record states it from the FY27 announcement.,,mechanics/nih-instrument-awards-no-indirect-costs,1563
NIFA AFRI predoctoral and postdoctoral fellowships,AFRI Education and Workforce Development predoctoral and postdoctoral fellowships,"none: indirect costs are not permitted; a $3,000 per year institutional allowance is paid to the institution in their place",no base: none paid,FY 2026 AFRI Education and Workforce Development Notice of Funding Opportunity,FY 2026 notice,As stated in the FY 2026 notice.,0,mechanics/institutional-allowance-in-lieu-of-indirect-costs,960
NIFA National Needs Fellowship grants,National Needs Graduate and Postgraduate Fellowship grants to institutions,none: indirect costs are not authorised; an institutional allowance is paid per fellow,no base: none paid,FY 2026 National Needs Graduate and Postgraduate Fellowship Grants Program Notice of Funding Opportunity,FY 2026 notice,As stated in the FY 2026 notice.,0,mechanics/institutional-allowance-in-lieu-of-indirect-costs,962
NOAA Sea Grant Knauss fellowship,The Knauss Marine Policy Fellowship and any costs associated with it,none: indirect costs are not allowable,no base: none paid,FY 2027 Knauss Marine Policy Fellowship notice NOAA-OAR-SG-2027-32433,FY 2027 notice,As stated in the FY 2027 notice.,0,mechanics/institutional-allowance-in-lieu-of-indirect-costs,965
NHPRC grants,"NHPRC grant recipients, as the documentary editions announcement states",none: grant funds may not be used for indirect costs,no base: none paid,"2 CFR 2600.101, as the NHPRC announcement EDITIONS-202505 indicates",standing rule,"As stated in the FY 2026 announcement, which is closed.",0,mechanics/de-minimis-indirect-rate-15,698
NSF REU participant support costs,"REU Site proposals and Supplement requests: the budget category that holds student stipends, housing and travel",no indirect costs may be recovered on participant support costs,not stated,NSF 23-601 program solicitation,standing rule,As stated in the solicitation read.,,mechanics/nsf-reu-participant-support-no-indirect,830
NIH 15 percent rate (2025),"All NIH grants, as the notice states, in place of negotiated rates","15 percent, in place of a negotiated rate",not stated,"NIH notice NOT-OD-25-068, Supplemental Guidance to the 2024 NIH Grants Policy Statement","issued February 7, 2025; effective February 10, 2025","Vacated. District of Massachusetts enjoined it March 5, 2025, later permanently, and vacated the notice; First Circuit affirmed January 5, 2026. An association reports no Supreme Court petition was filed.",15,mechanics/indirect-cost-rate-caps-2025; changes/ch-nih-indirect-cost-guidance-2025,24; 25; 134
DOE 15 percent rate (2025),DOE grant awards to institutions of higher education,a standardized 15 percent indirect cost rate,not stated,DOE Policy Flash 2025-22,"April 11, 2025","Vacated. District of Massachusetts enjoined it May 15, 2025, vacated it June 30, 2025. DOE: no longer in effect from January 23, 2026. Association timeline: appeal dismissed March 16, 2026.",15,mechanics/indirect-cost-rate-caps-2025; changes/doe-15pct-indirect-ihe-2025; changes/doe-indirect-flashes-withdrawn-2026,288; 1852; 1853; 360; 289; 291
DOE further limits (2025),"DOE awards to state and local governments, non-profits and for-profit organisations; indirect and fringe benefit reimbursement",figure not given in the record,not stated,"DOE Policy Flashes 2025-25, 2025-26, 2025-27 and 2025-38 (FAL 2025-05)",2025; dates not given in the record,"Withdrawn. DOE Policy Flash 2026-30 of January 27, 2026 states they are no longer in effect from January 23, 2026, citing Section 313 of H.R. 6938.",,mechanics/indirect-cost-rate-caps-2025; changes/doe-indirect-flashes-withdrawn-2026,289
ARPA-E notice clause limiting indirect costs,"Open ARPA-E programme notices; the example in the record is the CATALCHEM-E notice, DE-FOA-0003505",indirect cost cap at 15% of Total Project Costs,Total Project Costs,the Maximum Limit on Indirect Costs clause of the ARPA-E notices,not stated,"Removed from open notices by modification; in the CATALCHEM-E notice by Modification 03 of February 6, 2026.",15,changes/arpa-e-notices-drop-15pct-cap-2026,301; 302
NSF 15 percent cap (2025),"New NSF awards to institutions of higher education issued on or after May 5, 2025; not retroactive",a rate no greater than 15% of modified total direct costs,modified total direct costs,Policy Notice NSF 25-034,"issued May 2, 2025; effective May 5, 2025","Vacated and declared invalid June 20, 2025, District of Massachusetts. A case summary records NSF's appeal dismissed on its own motion September 30, 2025. Not in effect.",15,mechanics/indirect-cost-rate-caps-2025; mechanics/nsf-indirect-costs; changes/c-nsf-2025-05-idc-15-percent; changes/c-nsf-2025-09-idc-appeal-dismissed; changes/ch-ca-nsf-indirect-cost-cap-vacated,237; 238; 1854; 239; 154
Department of Defense 15 percent cap (2025),New and existing Department of Defense assistance awards to institutions of higher education,indirect cost rates capped at 15%,not stated,memorandum from the Secretary of Defense and memorandum from the Under Secretary of Defense for Research and Engineering,"May 14, 2025 (new awards); June 12, 2025 (existing awards)","Vacated and enjoined. District of Massachusetts enjoined it July 18, 2025; vacated it and made the injunction permanent October 10, 2025. Plaintiff association: Government's appeal dismissed February 18, 2026.",15,mechanics/indirect-cost-rate-caps-2025; changes/dod-15pct-indirect-2025,1855; 293; 292; 291
Appropriations provisions that keep negotiated rates,"NIH (section 224); DOE (section 313); NASA, Commerce and NSF (section 542, from a consultant's note; statutory text not reached)","no rate set: the indirect cost rules, including approval of deviations from negotiated rates, apply as in an earlier year (NIH: third quarter of fiscal year 2017; DOE: fiscal year 2024)",not stated,"Public Law 119-75, section 224; H.R. 6938, sections 313 and 542; continued by Public Law 119-103","February 3, 2026 (Public Law 119-75); January 23, 2026 (H.R. 6938)","In force through December 11, 2026: Public Law 119-103 continues the fiscal year 2026 acts with their conditions. What follows depends on the fiscal year 2027 acts.",,mechanics/negotiated-rate-acceptance-rule; mechanics/indirect-cost-rate-caps-2025; changes/ch-nih-indirect-cost-rider-fy2026; changes/doe-indirect-flashes-withdrawn-2026; changes/fy2026-appropriations-indirect-nasa,1856; 62; 289; 361; 1480
Proposed revision of the Uniform Guidance on facilities and administrative costs,"Discretionary grants, as Executive Order 14332 defines them",no figure: the order directs OMB to limit the use of discretionary grant funds for facilities and administrative costs,not stated,"Executive Order 14332, section 5; OMB proposed rule, 91 FR 32198","August 7, 2025 (order signed); May 29, 2026 (proposed rule published)","Proposed; no revision has taken effect. An association summary says the proposal leaves negotiated rates unchanged. Public Law 119-103, section 157, bars a final rule through December 11, 2026.",,mechanics/indirect-cost-rate-caps-2025; mechanics/negotiated-rate-acceptance-rule; mechanics/omb-2-cfr-revision-2026; mechanics/executive-order-14332-grant-oversight; changes/c-rd-2025-08-07-eo-14332; changes/ch-ga-2026-09-02-cr-section-157-bars-uniform-guidance-rule,246; 1878; 1480; 1858
NIH fiscal year 2027 budget request: cap on F&A costs,"Each NIH award, under the request",15 percent of the applicable direct cost base for each award,the applicable direct cost base,FY 2027 President's Budget (NIH congressional justification),2026 (FY 2027 request),"A budget request, marked proposed in the ledger. Section 224 of the FY 2026 appropriations act keeps the indirect cost provisions of 45 CFR part 75 applying to NIH grants.",15,changes/ch-nih-indirect-cost-rider-fy2026; changes/ch-nih-fy2027-budget-request,57; 62
