jurisdiction,nsf_epscor,nih_idea,doe_epscor,nasa_epscor,dod_depscor,usda_epscor,lists_num,record,ref
Alabama,yes,,yes,yes,yes,,4,standing/nsf-epscor-jurisdiction;standing/doe-epscor-jurisdiction;standing/nasa-epscor-jurisdiction;standing/dod-depscor-eligible-state,878;877;1567;1568;1570;1573;1574;1565;1566
Alaska,yes,yes,yes,yes,yes,yes,6,standing/nsf-epscor-jurisdiction;standing/nih-idea-eligible-state;standing/doe-epscor-jurisdiction;standing/nasa-epscor-jurisdiction;standing/dod-depscor-eligible-state;standing/usda-epscor-state,878;877;1543;1545;1546;1584;1567;1568;1570;1573;1574;1565;1566;1576
American Samoa,,,,,,yes,1,standing/usda-epscor-state,1576
Arkansas,yes,yes,yes,yes,yes,,5,standing/nsf-epscor-jurisdiction;standing/nih-idea-eligible-state;standing/doe-epscor-jurisdiction;standing/nasa-epscor-jurisdiction;standing/dod-depscor-eligible-state,878;877;1543;1545;1546;1584;1567;1568;1570;1573;1574;1565;1566
Connecticut,,,,,yes,yes,2,standing/dod-depscor-eligible-state;standing/usda-epscor-state,1565;1566;1576
Delaware,yes,yes,yes,yes,yes,yes,6,standing/nsf-epscor-jurisdiction;standing/nih-idea-eligible-state;standing/doe-epscor-jurisdiction;standing/nasa-epscor-jurisdiction;standing/dod-depscor-eligible-state;standing/usda-epscor-state,878;877;1543;1545;1546;1584;1567;1568;1570;1573;1574;1565;1566;1576
District of Columbia,,,,,yes,yes,2,standing/dod-depscor-eligible-state;standing/usda-epscor-state,1565;1566;1576
Guam,yes,,yes,yes,yes,yes,5,standing/nsf-epscor-jurisdiction;standing/doe-epscor-jurisdiction;standing/nasa-epscor-jurisdiction;standing/dod-depscor-eligible-state;standing/usda-epscor-state,878;877;1567;1568;1570;1573;1574;1565;1566;1576
Hawaii,yes,yes,yes,yes,yes,yes,6,standing/nsf-epscor-jurisdiction;standing/nih-idea-eligible-state;standing/doe-epscor-jurisdiction;standing/nasa-epscor-jurisdiction;standing/dod-depscor-eligible-state;standing/usda-epscor-state,878;877;1543;1545;1546;1584;1567;1568;1570;1573;1574;1565;1566;1576
Idaho,yes,yes,yes,yes,yes,yes,6,standing/nsf-epscor-jurisdiction;standing/nih-idea-eligible-state;standing/doe-epscor-jurisdiction;standing/nasa-epscor-jurisdiction;standing/dod-depscor-eligible-state;standing/usda-epscor-state,878;877;1543;1545;1546;1584;1567;1568;1570;1573;1574;1565;1566;1576
Iowa,yes,,yes,yes,yes,,4,standing/nsf-epscor-jurisdiction;standing/doe-epscor-jurisdiction;standing/nasa-epscor-jurisdiction;standing/dod-depscor-eligible-state,878;877;1567;1568;1570;1573;1574;1565;1566
Kansas,yes,yes,yes,yes,yes,,5,standing/nsf-epscor-jurisdiction;standing/nih-idea-eligible-state;standing/doe-epscor-jurisdiction;standing/nasa-epscor-jurisdiction;standing/dod-depscor-eligible-state,878;877;1543;1545;1546;1584;1567;1568;1570;1573;1574;1565;1566
Kentucky,yes,yes,yes,yes,yes,yes,6,standing/nsf-epscor-jurisdiction;standing/nih-idea-eligible-state;standing/doe-epscor-jurisdiction;standing/nasa-epscor-jurisdiction;standing/dod-depscor-eligible-state;standing/usda-epscor-state,878;877;1543;1545;1546;1584;1567;1568;1570;1573;1574;1565;1566;1576
Louisiana,yes,yes,yes,yes,yes,,5,standing/nsf-epscor-jurisdiction;standing/nih-idea-eligible-state;standing/doe-epscor-jurisdiction;standing/nasa-epscor-jurisdiction;standing/dod-depscor-eligible-state,878;877;1543;1545;1546;1584;1567;1568;1570;1573;1574;1565;1566
Maine,yes,yes,yes,yes,yes,yes,6,standing/nsf-epscor-jurisdiction;standing/nih-idea-eligible-state;standing/doe-epscor-jurisdiction;standing/nasa-epscor-jurisdiction;standing/dod-depscor-eligible-state;standing/usda-epscor-state,878;877;1543;1545;1546;1584;1567;1568;1570;1573;1574;1565;1566;1576
Micronesia,,,,,,yes,1,standing/usda-epscor-state,1576
Minnesota,,,,,yes,,1,standing/dod-depscor-eligible-state,1565;1566
Mississippi,yes,yes,yes,yes,yes,,5,standing/nsf-epscor-jurisdiction;standing/nih-idea-eligible-state;standing/doe-epscor-jurisdiction;standing/nasa-epscor-jurisdiction;standing/dod-depscor-eligible-state,878;877;1543;1545;1546;1584;1567;1568;1570;1573;1574;1565;1566
Missouri,,,,,yes,,1,standing/dod-depscor-eligible-state,1565;1566
Montana,yes,yes,yes,yes,yes,yes,6,standing/nsf-epscor-jurisdiction;standing/nih-idea-eligible-state;standing/doe-epscor-jurisdiction;standing/nasa-epscor-jurisdiction;standing/dod-depscor-eligible-state;standing/usda-epscor-state,878;877;1543;1545;1546;1584;1567;1568;1570;1573;1574;1565;1566;1576
Nebraska,yes,yes,yes,yes,yes,,5,standing/nsf-epscor-jurisdiction;standing/nih-idea-eligible-state;standing/doe-epscor-jurisdiction;standing/nasa-epscor-jurisdiction;standing/dod-depscor-eligible-state,878;877;1543;1545;1546;1584;1567;1568;1570;1573;1574;1565;1566
Nevada,yes,yes,yes,yes,yes,yes,6,standing/nsf-epscor-jurisdiction;standing/nih-idea-eligible-state;standing/doe-epscor-jurisdiction;standing/nasa-epscor-jurisdiction;standing/dod-depscor-eligible-state;standing/usda-epscor-state,878;877;1543;1545;1546;1584;1567;1568;1570;1573;1574;1565;1566;1576
New Hampshire,yes,yes,yes,yes,yes,,5,standing/nsf-epscor-jurisdiction;standing/nih-idea-eligible-state;standing/doe-epscor-jurisdiction;standing/nasa-epscor-jurisdiction;standing/dod-depscor-eligible-state,878;877;1543;1545;1546;1584;1567;1568;1570;1573;1574;1565;1566
New Jersey,,,,,yes,yes,2,standing/dod-depscor-eligible-state;standing/usda-epscor-state,1565;1566;1576
New Mexico,yes,yes,yes,yes,yes,yes,6,standing/nsf-epscor-jurisdiction;standing/nih-idea-eligible-state;standing/doe-epscor-jurisdiction;standing/nasa-epscor-jurisdiction;standing/dod-depscor-eligible-state;standing/usda-epscor-state,878;877;1543;1545;1546;1584;1567;1568;1570;1573;1574;1565;1566;1576
North Dakota,yes,yes,yes,yes,yes,yes,6,standing/nsf-epscor-jurisdiction;standing/nih-idea-eligible-state;standing/doe-epscor-jurisdiction;standing/nasa-epscor-jurisdiction;standing/dod-depscor-eligible-state;standing/usda-epscor-state,878;877;1543;1545;1546;1584;1567;1568;1570;1573;1574;1565;1566;1576
Northern Marianas,,,,,,yes,1,standing/usda-epscor-state,1576
Oklahoma,yes,yes,yes,yes,yes,,5,standing/nsf-epscor-jurisdiction;standing/nih-idea-eligible-state;standing/doe-epscor-jurisdiction;standing/nasa-epscor-jurisdiction;standing/dod-depscor-eligible-state,878;877;1543;1545;1546;1584;1567;1568;1570;1573;1574;1565;1566
Oregon,,,,,yes,,1,standing/dod-depscor-eligible-state,1565;1566
Puerto Rico,yes,yes,yes,yes,yes,yes,6,standing/nsf-epscor-jurisdiction;standing/nih-idea-eligible-state;standing/doe-epscor-jurisdiction;standing/nasa-epscor-jurisdiction;standing/dod-depscor-eligible-state;standing/usda-epscor-state,878;877;1543;1545;1546;1584;1567;1568;1570;1573;1574;1565;1566;1576
Rhode Island,yes,yes,yes,yes,yes,yes,6,standing/nsf-epscor-jurisdiction;standing/nih-idea-eligible-state;standing/doe-epscor-jurisdiction;standing/nasa-epscor-jurisdiction;standing/dod-depscor-eligible-state;standing/usda-epscor-state,878;877;1543;1545;1546;1584;1567;1568;1570;1573;1574;1565;1566;1576
South Carolina,yes,yes,yes,yes,yes,yes,6,standing/nsf-epscor-jurisdiction;standing/nih-idea-eligible-state;standing/doe-epscor-jurisdiction;standing/nasa-epscor-jurisdiction;standing/dod-depscor-eligible-state;standing/usda-epscor-state,878;877;1543;1545;1546;1584;1567;1568;1570;1573;1574;1565;1566;1576
South Dakota,yes,yes,yes,yes,yes,yes,6,standing/nsf-epscor-jurisdiction;standing/nih-idea-eligible-state;standing/doe-epscor-jurisdiction;standing/nasa-epscor-jurisdiction;standing/dod-depscor-eligible-state;standing/usda-epscor-state,878;877;1543;1545;1546;1584;1567;1568;1570;1573;1574;1565;1566;1576
Tennessee,,,,,yes,,1,standing/dod-depscor-eligible-state,1565;1566
U.S. Virgin Islands,yes,,yes,yes,yes,yes,5,standing/nsf-epscor-jurisdiction;standing/doe-epscor-jurisdiction;standing/nasa-epscor-jurisdiction;standing/dod-depscor-eligible-state;standing/usda-epscor-state,878;877;1567;1568;1570;1573;1574;1565;1566;1576
Utah,,,,,,yes,1,standing/usda-epscor-state,1576
Vermont,yes,yes,yes,yes,yes,yes,6,standing/nsf-epscor-jurisdiction;standing/nih-idea-eligible-state;standing/doe-epscor-jurisdiction;standing/nasa-epscor-jurisdiction;standing/dod-depscor-eligible-state;standing/usda-epscor-state,878;877;1543;1545;1546;1584;1567;1568;1570;1573;1574;1565;1566;1576
West Virginia,yes,yes,yes,yes,yes,yes,6,standing/nsf-epscor-jurisdiction;standing/nih-idea-eligible-state;standing/doe-epscor-jurisdiction;standing/nasa-epscor-jurisdiction;standing/dod-depscor-eligible-state;standing/usda-epscor-state,878;877;1543;1545;1546;1584;1567;1568;1570;1573;1574;1565;1566;1576
Wisconsin,,,,,yes,,1,standing/dod-depscor-eligible-state,1565;1566
Wyoming,yes,yes,yes,yes,yes,yes,6,standing/nsf-epscor-jurisdiction;standing/nih-idea-eligible-state;standing/doe-epscor-jurisdiction;standing/nasa-epscor-jurisdiction;standing/dod-depscor-eligible-state;standing/usda-epscor-state,878;877;1543;1545;1546;1584;1567;1568;1570;1573;1574;1565;1566;1576
