gate,what_it_is,who_does_it,stated_time,stated_by,renewal_or_lapse,days_sort,record,ref
SAM.gov entity registration,GSA's federal registry; an organisation needs an active registration before applying for federal financial assistance,organisation,Registration can take up to 10 business days to become active,SAM.gov (Entity Registration page),Renewed every 365 days to stay active; NSF notes a lapsed registration takes longer to reactivate than one renewed while active.,10,gates/sam-registration,1897;1899;156
SAM.gov entity registration,GSA's federal registry; an organisation needs an active registration before applying for federal financial assistance,organisation,Allow at least ten business days,SAM.gov (Entity Registration Checklist),Renewed every 365 days to stay active; NSF notes a lapsed registration takes longer to reactivate than one renewed while active.,10,gates/sam-registration,1898;1897;1899;156
SAM.gov entity registration,GSA's federal registry; an organisation needs an active registration before applying for federal financial assistance,organisation,Up to 10 business days for SAM registration to become active; it could take weeks or months if information is not available or verified,Grants.gov (Applicant Registration page),Renewed every 365 days to stay active; NSF notes a lapsed registration takes longer to reactivate than one renewed while active.,10,gates/sam-registration,1895;1897;1899;156
SAM.gov entity registration,GSA's federal registry; an organisation needs an active registration before applying for federal financial assistance,organisation,Three weeks or more for first registration,NIH (Organization Registration page),Renewed every 365 days to stay active; NSF notes a lapsed registration takes longer to reactivate than one renewed while active.,21,gates/sam-registration,1909;1897;1899;156
SAM.gov entity registration,GSA's federal registry; an organisation needs an active registration before applying for federal financial assistance,organisation,Two weeks for renewal,NIH (Organization Registration page),Renewed every 365 days to stay active; NSF notes a lapsed registration takes longer to reactivate than one renewed while active.,14,gates/sam-registration,1909;1897;1899;156
SAM.gov entity registration,GSA's federal registry; an organisation needs an active registration before applying for federal financial assistance,organisation,At least 90 days before submission,NSF (Submitting Your Proposal page),Renewed every 365 days to stay active; NSF notes a lapsed registration takes longer to reactivate than one renewed while active.,90,gates/sam-registration,161;1897;1899;156
SAM.gov entity registration,GSA's federal registry; an organisation needs an active registration before applying for federal financial assistance,organisation,At least six weeks before the due date,SAMHSA (FY 2026 Grant Application Guide),Renewed every 365 days to stay active; NSF notes a lapsed registration takes longer to reactivate than one renewed while active.,42,gates/sam-registration,548;1897;1899;156
SAM.gov entity registration,GSA's federal registry; an organisation needs an active registration before applying for federal financial assistance,organisation,30 days before a deadline,Department of Justice (OJP Grant Application Resource Guide),Renewed every 365 days to stay active; NSF notes a lapsed registration takes longer to reactivate than one renewed while active.,30,gates/sam-registration,619;1897;1899;156
SAM.gov entity registration,GSA's federal registry; an organisation needs an active registration before applying for federal financial assistance,organisation,Approximately 7 to 10 business days,"Department of Education (Common Instructions, 90 FR 42234)",Renewed every 365 days to stay active; NSF notes a lapsed registration takes longer to reactivate than one renewed while active.,,gates/sam-registration,1928;1897;1899;156
SAM.gov entity registration,GSA's federal registry; an organisation needs an active registration before applying for federal financial assistance,organisation,Several weeks,CDMRP (How To Apply page),Renewed every 365 days to stay active; NSF notes a lapsed registration takes longer to reactivate than one renewed while active.,,gates/sam-registration,1923;1897;1899;156
SAM.gov entity registration,GSA's federal registry; an organisation needs an active registration before applying for federal financial assistance,organisation,Two weeks for SAM and Grants.gov together,HRSA (Complete Mandatory Registrations page),Renewed every 365 days to stay active; NSF notes a lapsed registration takes longer to reactivate than one renewed while active.,14,gates/sam-registration,1925;1897;1899;156
SAM.gov entity registration,GSA's federal registry; an organisation needs an active registration before applying for federal financial assistance,organisation,Allow 4-6 weeks,NIFA (Grants.gov Application Guide),Renewed every 365 days to stay active; NSF notes a lapsed registration takes longer to reactivate than one renewed while active.,,gates/sam-registration,421;1897;1899;156
SAM.gov entity registration,GSA's federal registry; an organisation needs an active registration before applying for federal financial assistance,organisation,2 weeks or longer,NOAA Fisheries (How to submit your grant application),Renewed every 365 days to stay active; NSF notes a lapsed registration takes longer to reactivate than one renewed while active.,14,gates/sam-registration,447;1897;1899;156
SAM.gov entity registration,GSA's federal registry; an organisation needs an active registration before applying for federal financial assistance,organisation,A first registration may take several weeks,NEH (General Application Guide),Renewed every 365 days to stay active; NSF notes a lapsed registration takes longer to reactivate than one renewed while active.,,gates/sam-registration,644;1897;1899;156
SAM.gov entity registration,GSA's federal registry; an organisation needs an active registration before applying for federal financial assistance,organisation,"Up to 2 weeks, plus 5 more if an EIN is needed",IES (Application Submission Guide),Renewed every 365 days to stay active; NSF notes a lapsed registration takes longer to reactivate than one renewed while active.,,gates/sam-registration,665;1897;1899;156
Unique Entity Identifier (UEI),The identifier SAM.gov assigns to uniquely identify an entity; available without a full registration,organisation,Activation and receipt of the UEI can take up to 10 business days; no page read gives a separate time for a UEI-only request,SAMHSA (FY 2026 Grant Application Guide),The UEI itself is not renewed; the registration that carries it is renewed every 365 days.,10,gates/unique-entity-identifier,548;1898;1899;1897
Grants.gov organisation registration,Federal site where most agencies post opportunities and receive applications; organisations register after SAM.gov,both organisation and person,After SAM registration it may be 24 to 48 hours before the information can be used in Grants.gov,"Department of Education (Common Instructions, 90 FR 42234)","One-time registration; submission depends on an active SAM.gov registration, renewed yearly; an account is deactivated automatically after 365 days of inactivity.",,gates/grants-gov-registration,1928;1895;1965;548;1966
Grants.gov organisation registration,Federal site where most agencies post opportunities and receive applications; organisations register after SAM.gov,both organisation and person,"Allow one business day or more, depending on how quickly the EBiz POC responds",NIH (Organization Registration page),"One-time registration; submission depends on an active SAM.gov registration, renewed yearly; an account is deactivated automatically after 365 days of inactivity.",1,gates/grants-gov-registration,1909;1895;1965;548;1966
Grants.gov organisation registration,Federal site where most agencies post opportunities and receive applications; organisations register after SAM.gov,both organisation and person,An account can be created online in minutes,"DOE Office of Science (FY 2027 annual open notice, Part 2)","One-time registration; submission depends on an active SAM.gov registration, renewed yearly; an account is deactivated automatically after 365 days of inactivity.",,gates/grants-gov-registration,279;1895;1965;548;1966
Grants.gov organisation registration,Federal site where most agencies post opportunities and receive applications; organisations register after SAM.gov,both organisation and person,"Registration is processed immediately with a UEI, and takes significantly longer without one",CDMRP (How To Apply page),"One-time registration; submission depends on an active SAM.gov registration, renewed yearly; an account is deactivated automatically after 365 days of inactivity.",,gates/grants-gov-registration;gates/unique-entity-identifier,1923;1895;1965;548;1966
Grants.gov organisation registration,Federal site where most agencies post opportunities and receive applications; organisations register after SAM.gov,both organisation and person,Allow at least 21 days for SAM and Grants.gov together,Office of Naval Research (Submit an Application for a Grant),"One-time registration; submission depends on an active SAM.gov registration, renewed yearly; an account is deactivated automatically after 365 days of inactivity.",21,gates/grants-gov-registration,336;1895;1965;548;1966
Grants.gov organisation registration,Federal site where most agencies post opportunities and receive applications; organisations register after SAM.gov,both organisation and person,2-4 weeks for registration,NOAA Fisheries (How to submit your grant application),"One-time registration; submission depends on an active SAM.gov registration, renewed yearly; an account is deactivated automatically after 365 days of inactivity.",,gates/grants-gov-registration,447;1895;1965;548;1966
eRA Commons registration,"NIH-run system where an organisation and its people hold accounts for applications, awards and reports",both organisation and person,"Allow two weeks or more for eRA Commons registration, and six weeks or more for the whole set of registrations",NIH (Organization Registration page),"Typically completed once and then maintained; no renewal period is stated, but the SAM.gov registration it depends on is renewed yearly.",14,gates/era-commons,1909;1911;1910
eRA Commons registration,"NIH-run system where an organisation and its people hold accounts for applications, awards and reports",both organisation and person,Registration can take up to 4 weeks,NOAA Fisheries (How to submit your grant application),"Typically completed once and then maintained; no renewal period is stated, but the SAM.gov registration it depends on is renewed yearly.",28,gates/era-commons,447;1911;1910;1909
CAGE code,Commercial and Government Entity code assigned to a domestic organisation as part of SAM registration,organisation,"SAM.gov registration takes several weeks, including 10-15 business days to process a CAGE code request or UEI renewal",CDMRP (How To Apply page),No separate renewal rule was found on the pages read; the SAM.gov registration that carries the code is renewed every 365 days.,,gates/cage-code,1923;784;1897
"PAMS (Portfolio Analysis and Management System, DOE Office of Science)",Office of Science system in which letters of intent and pre-applications are submitted,person,Registering at least a week in advance is encouraged,"DOE Office of Science (FY 2027 annual open notice, Part 2)",None stated on the pages read,7,gates/doe-pams,279;282;1922
eBRAP (Electronic Biomedical Research Application Portal),Portal of the Congressionally Directed Medical Research Programs; every funding opportunity requires a pre-application there,both organisation and person,PI registration is processed immediately; organisation registration takes 1-2 days with a UEI,CDMRP (How To Apply page),None stated on the pages read,,gates/ebrap,1923;358
NSPIRES (NASA Solicitation and Proposal Integrated Review and Evaluation System),NASA's pre-award system for grant proposals; organisations and individuals with a role must be registered,both organisation and person,"No time for NSPIRES registration is given; proposers are asked to register as soon as possible, and a Grants.gov package for most ROSES-25 elements must be requested at least 30 days before the due date",NASA Science Mission Directorate (how-to guide for ROSES proposers; ROSES-2025 FAQ),No renewal rule is stated; a proposer who changes institution is told to obtain an NSPIRES affiliation with the new organisation at once.,,gates/nspires,389;377;1947;1921
JustGrants (Justice Grants System),DOJ system where the full application is submitted after the SF-424 goes through Grants.gov,organisation,"Complete the JustGrants steps at least 48 hours before the JustGrants deadline, and submit the SF-424 at least 48 hours before the Grants.gov deadline",Department of Justice (OJP Grant Application Resource Guide),None stated for JustGrants; the SAM.gov registration is renewed every 12 months.,,gates/justgrants,619
NEA Applicant Portal,"Portal where Part 2 of an NEA application, the Grant Application Form, is completed",organisation,Registration can take several weeks; drafting and submitting an application afterwards is estimated at approximately 26 hours,"NEA (Grants for Arts Projects, How to Apply)",None stated for the portal on the page read,,gates/nea-applicant-portal,1934
Payment Management System (PMS),HHS shared service that pays grant funds for federal agencies; recipients draw down funds there,both organisation and person,Access and profile update requests are processed within four business days after PMS receives them,HHS Program Support Center (PMS User Access page),A user must log in once every 60 days or PMS deactivates the access.,4,gates/payment-management-system,1973;1936;1961
Research.gov organisation registration and NSF ID,NSF's proposal system; the organisation registers there and each person holds one NSF ID,both organisation and person,"No figure for Research.gov registration itself; begin SAM registration at least 90 days before submission and, for Grants.gov submissions, start at least five business days before a deadline",NSF (Submitting Your Proposal page),No renewal of the Research.gov registration is stated; the SAM registration must stay current while an award is active or a proposal is under consideration.,,gates/research-gov,161;156
Research.gov organisation registration and NSF ID,NSF's proposal system; the organisation registers there and each person holds one NSF ID,both organisation and person,"Completion of the SAM registration process, needed for an organisation to appear in the system, may take up to one month",NSF (Research.gov Account Management Guide),No renewal of the Research.gov registration is stated; the SAM registration must stay current while an award is active or a proposal is under consideration.,,gates/research-gov,2101;161;156
HRSA Electronic Handbooks (EHBs),"HRSA's own grants system, reached at grants.hrsa.gov; members of an organisation register once",both organisation and person,No time for EHBs registration is stated; SAM and Grants.gov together could take two weeks,HRSA (Complete Mandatory Registrations page),Registration is required only once.,,gates/hrsa-ehbs,1925;1927
eRA Commons registration for SAMHSA applicants,"One of three registrations SAMHSA requires before an application, with SAM.gov and Grants.gov",both organisation and person,SAMHSA gives no figure for eRA Commons itself; NIH says to allow two weeks or more,NIH (Organization Registration page),The eRA Commons registration is one-time; the SAM.gov account is kept active by updating it every 12 months.,14,gates/era-commons-samhsa,1909;548
eRA Commons registration for SAMHSA applicants,"One of three registrations SAMHSA requires before an application, with SAM.gov and Grants.gov",both organisation and person,Submitting 24-72 hours before the deadline is advised,SAMHSA (FY 2026 Grant Application Guide),The eRA Commons registration is one-time; the SAM.gov account is kept active by updating it every 12 months.,,gates/era-commons-samhsa,548
NATO Commercial and Government Entity (NCAGE) code,"Code a foreign organisation obtains, in place of a CAGE code, before registering in SAM",organisation,No time for the NCAGE request is stated on the pages read; the full set of registrations can take 6 weeks or more,NIH (fellowship notice PA-25-426),No renewal rule was found on the pages read,,gates/ncage-code,784;1898
Recognition of exemption under section 501(c)(3) (Form 1023 or Form 1023-EZ),"IRS recognition of tax-exempt status, applied for on Form 1023 or the shorter Form 1023-EZ",organisation,80% of Form 1023-EZ determinations are issued within 22 days; Form 1023-EZ applications cannot be expedited,"IRS (Where's my application for tax-exempt status?, last updated June 28, 2026)",Recognition is lost automatically if the organisation fails to file its annual return or notice for three consecutive years.,22,gates/recognition-of-exemption-501c3,2053;2046;2049;2057
Recognition of exemption under section 501(c)(3) (Form 1023 or Form 1023-EZ),"IRS recognition of tax-exempt status, applied for on Form 1023 or the shorter Form 1023-EZ",organisation,80% of Form 1023 determinations are issued within 191 days,"IRS (Where's my application for tax-exempt status?, last updated June 28, 2026)",Recognition is lost automatically if the organisation fails to file its annual return or notice for three consecutive years.,191,gates/recognition-of-exemption-501c3,2053;2046;2049;2057
Financial assistance certifications and representations in SAM.gov (successor to the SF-424B),"Governmentwide assurances once signed on SF-424B, now made in SAM.gov when registering or renewing",organisation,An estimated 2.75 hours per response for the SAM registration requirements as a whole,"GSA (Federal Register notice of January 28, 2026, 91 FR 3726)",The certifications are renewed with the yearly SAM.gov registration.,,gates/sam-financial-assistance-certifications,1866;2035;2034;257
